province;red;green;blue;x;x
1;128;34;64;Waldstatte;x
2;0;36;128;St Gallen;x
3;128;38;192;Turin;x
4;0;40;255;Lucca;x
5;128;42;0;Liege;x
6;0;44;64;Amsterdam;x
7;129;46;128;Urach;x
8;1;48;192;Koln;x
9;129;50;255;Aschaffenburg;x
10;1;52;0;Oberpfalz;x
11;129;54;64;Manhartsberg;x
12;1;56;128;Unterkarnten;x
13;129;58;192;Bremen;x
14;2;60;255;Altmark;x
15;130;62;0;Breslau;x
16;2;64;64;Lubeck;x
17;130;66;128;Berlin;x
18;2;68;192;Corsica;x
19;130;70;255;Genoa;x
20;2;72;0;Pavia;x
21;131;74;64;Novarra;x
22;3;76;128;Como;x
23;131;78;192;Wallis;x
24;3;80;255;The Alps4;x
25;131;82;0;The Alps5;x
26;3;84;64;Illanz;x
27;131;86;128;Bergamo;x
28;4;88;192;Brescia;x
29;132;90;255;The Alps3;x
30;4;92;0;Chur;x
31;132;94;64;Bregenz;x
32;4;96;128;Memmingen;x
33;132;98;192;Konstanz;x
34;4;100;255;Zurich;x
35;133;102;0;Bern;x
36;5;104;64;Fribourg;x
37;133;106;128;Freiburg;x
38;5;108;192;Albenga;x
39;133;110;255;Nice;x
40;5;112;0;Saluzzo;x
41;133;114;64;Montferrat;x
42;6;116;128;Cuneo;x
43;134;118;192;The Alps;x
44;6;120;255;Salins;x
45;134;122;0;Bressia;x
46;6;124;64;Geneva;x
47;134;126;128;Savoie;x
48;6;128;192;Siena;x
49;135;130;255;Arezzo;x
50;7;132;0;Firenze;x
51;135;134;64;Pisa;x
52;7;136;128;Modena;x
53;135;138;192;Ferrara;x
54;7;140;255;Mantua;x
55;135;142;0;Parma;x
56;8;144;64;Cremona;x
57;136;146;128;Milan;x
58;8;148;192;Franche-Comté;x
59;136;150;255;Lorraine;x
60;8;152;0;Zweibrucken;x
61;136;154;64;Metz;x
62;8;156;128;Verdun;x
63;137;158;192;Trier;x
64;9;32;255;Luxemburg;x
65;137;34;0;Namur;x
66;9;36;64;Hainaut;x
67;137;38;128;Cambresis;x
68;9;40;192;Julich;x
69;137;42;255;Aachen;x
70;10;44;0;Upper Guelders;x
71;138;46;64;Loon;x
72;10;48;128;Brabant;x
73;138;50;192;Breda;x
74;10;52;255;Antwerpen;x
75;138;54;0;Utrecht;x
76;10;56;64;Den Haag;x
77;139;58;128;Zeeland;x
78;11;60;192;Trent;x
79;139;62;255;Etschtal;x
80;11;64;0;Inntal;x
81;139;66;64;Augsburg;x
82;11;68;128;Ulm;x
83;139;70;192;Breisgau;x
84;12;72;255;Baden;x
85;140;74;0;Sundgao;x
86;12;76;64;Mulhausen;x
87;140;78;128;Strasbourg;x
88;12;80;192;Pfalz;x
89;140;82;255;Fryslan;x
90;12;84;0;Grins;x
91;141;86;64;Oversticht;x
92;13;88;128;Meppen;x
93;141;90;192;Gelre;x
94;13;92;255;Munster;x
95;141;94;0;Osnabruck;x
96;13;96;64;s-Hertogenbosch;x
97;141;98;128;Cleve;x
98;14;100;192;Dortmund;x
99;142;102;255;Berg;x
100;14;104;0;Lippe;x
101;142;106;64;Hessen;x
102;14;108;128;Fulda;x
103;85;80;32;Coblenz;x
104;14;112;255;Nassau;x
105;143;114;0;Mainz;x
106;15;116;64;Frankfurt;x
107;143;118;128;Durlach;x
108;15;120;192;Heidelberg;x
109;143;122;255;Rothenburg;x
110;15;124;0;Stuttgart;x
111;143;126;64;Donauworth;x
112;16;128;128;Inglstod;x
113;144;130;192;Minga;x
114;16;132;255;Wassabuag;x
115;144;134;0;The Alps2;x
116;16;136;64;Lianz;x
117;144;138;128;The Alps;x
118;16;140;192;Coburg;x
119;145;142;255;Bayreuth;x
120;17;144;0;Wurzburg;x
121;145;146;64;Bamberg;x
122;17;148;128;Ansbach;x
123;145;150;192;Nurnberg;x
124;17;152;255;Straubing;x
125;145;154;0;Rengschburg;x
126;18;156;64;Landsad;x
127;146;158;128;Bassa;x
128;18;32;192;Plzen;x
129;146;34;255;Praha;x
130;18;36;0;Rudohori;x
131;146;38;64;Budejovice;x
132;18;40;128;Jindrichuv;x
133;147;42;192;Brno;x
134;19;44;255;Linz;x
135;147;46;0;Traungau;x
136;19;48;64;Weanawoid;x
137;147;50;128;Wien;x
138;19;52;192;Freising;x
139;147;54;255;Innbaiern;x
140;20;56;0;Soizbuag;x
141;148;58;64;Steiamoak;x
142;20;60;128;Oberkarnten;x
143;148;62;192;Graz;x
144;20;64;255;Triest;x
145;148;66;0;Gorz;x
146;20;68;64;Krain;x
147;149;70;128;Celje;x
148;21;72;192;Oldenburg;x
149;149;74;255;Hoya;x
150;21;76;0;Ravensberg;x
151;149;78;64;Hanover;x
152;21;80;128;Paderborn;x
153;149;82;192;Gottingen;x
154;22;84;255;Niederhessen;x
155;150;86;0;Erfurt;x
156;22;88;64;Weimar;x
157;150;90;128;Vogtland;x
158;22;92;192;Cheb;x
159;150;94;255;Stade;x
160;22;96;0;Hamburg;x
161;151;98;64;Verden;x
162;23;100;128;Luneburg;x
163;151;102;192;Celle;x
164;23;104;255;Braunschweig;x
165;151;106;0;Magdeburg;x
166;23;108;64;Goslar;x
167;151;110;128;Halle;x
168;24;112;192;Anhalt;x
169;152;114;255;Leipzig;x
170;24;116;0;Wittenberg;x
171;152;118;64;Budysin;x
172;24;120;128;Lignica;x
173;152;122;192;Opole;x
174;24;124;255;Dresden;x
175;153;126;0;Zwickau;x
176;25;128;64;Hradecko;x
177;153;130;128;Pardubice;x
178;25;132;192;Olomouc;x
179;153;134;255;Hradiste;x
180;25;136;0;Raciborz;x
181;153;138;64;Dithmarschen;x
182;26;140;128;Holstein;x
183;154;142;192;Lauenburg;x
184;26;144;255;Mecklenburg;x
185;147;222;218;Rostock;x
186;26;148;64;Stralsund;x
187;154;150;128;Rugen;x
188;26;152;192;Prignitz;x
189;155;154;255;Neubrandenburg;x
190;27;156;0;Ruppin;x
191;155;158;64;Brandenburg;x
192;27;32;128;Wolgast;x
193;155;34;192;Stettin;x
194;27;36;255;Stargard;x
195;155;38;0;Kolberg;x
196;28;40;64;Stolp;x
197;156;42;128;Uckermark;x
198;28;44;192;Newmark;x
199;156;46;255;Dramburg;x
200;28;248;0;Sternberg;x
201;156;50;64;Potsdam;x
202;28;52;128;Dolni Luzice;x
203;157;54;192;Zhorelec;x
204;29;56;255;Glogow;x
205;157;58;0;Shiribeshi;x
206;29;60;64;Kamikawa;x
207;157;62;128;Oshima;x
208;29;64;192;Shimousa;x
209;157;66;255;Hitachi;x
210;30;68;0;Shimotsuke;x
211;158;70;64;Rikuzen;x
212;30;72;128;Uzen;x
213;158;74;192;Ugo;x
214;30;76;255;Mutsu;x
215;158;78;0;Sagami;x
216;30;80;64;Musashi;x
217;159;82;128;Kozuke;x
218;31;84;192;Suruga;x
219;159;86;255;Kai;x
220;31;88;0;Shinano;x
221;159;90;64;Echigo;x
222;31;92;128;Mikawa;x
223;159;94;192;Owari;x
224;32;96;255;Ise;x
225;160;98;0;Mino;x
226;32;100;64;Eichu;x
227;160;102;128;Yamato;x
228;32;104;192;Kyoto;x
229;160;106;255;Echizen;x
230;32;108;0;Kii;x
231;161;110;64;Settsu;x
232;33;112;128;Tango;x
233;166;203;93;Harima;x
234;33;116;255;Tajima;x
235;161;118;0;Bizen;x
236;33;120;64;Izumo;x
237;161;122;128;Aki;x
238;34;124;192;Iwami;x
239;162;126;255;Suo;x
240;34;128;0;Awa;x
241;162;130;64;Iyo;x
242;34;132;128;Tosa;x
243;162;134;192;Chikuzen;x
244;34;136;255;Hizen;x
245;163;138;0;Bungo;x
246;35;140;64;Higo;x
247;163;142;128;Hyuga;x
248;35;144;192;Satsuma;x
249;163;146;255;Tsushima;x
250;35;148;0;Puna;x
251;163;150;64;Kau;x
252;36;152;128;Kona;x
253;164;154;192;Hilo;x
254;36;156;255;Kohala;x
255;164;158;0;Hana;x
256;36;32;64;Hamakua;x
257;164;34;128;Kula;x
258;36;36;192;Wailuku;x
259;165;38;255;Lahaina;x
260;37;40;0;Kahoolawe;x
261;165;42;64;Lanai;x
262;37;44;128;Molokai;x
263;165;46;192;Koolau;x
264;37;48;255;Honolulu;x
265;165;50;0;Ewa;x
266;38;52;64;Waianae;x
267;166;54;128;Kawaihau;x
268;38;56;192;Waimea;x
269;166;58;255;Napali;x
270;38;60;0;Niihau;x
271;166;62;64;Tokachi;x
272;38;64;128;Rikuchu;x
273;167;66;192;Okinawa;x
274;144;137;36;Lightningfield;x
275;99;12;165;Fieryfield;x
276;149;132;80;MtFaraway;x
277;120;249;201;NorthwindField;x
278;187;104;3;Colonia;x
279;150;177;185;Northisle;x
280;141;1;7;WesternCave;x
281;63;156;24;NorthernRange;x
282;238;233;103;PitfallValley;x
283;101;102;253;ThunderwaveCave;x
284;207;185;47;HowlingForest;x
285;113;212;104;HowlingBay;x
286;179;19;116;HowlingCliff;x
287;48;64;110;MtSteel;x
288;21;5;61;MysticLakes;x
289;90;130;35;FrigidCaverns;x
290;189;92;3;Dragoncave;x
291;20;131;14;Bouldercave;x
292;72;43;41;Echocave;x
293;57;243;176;Crypticcave;x
294;244;187;181;LegendaryIsland;x
295;118;182;138;SiverIsland;
296;158;138;155;IcefloeBeach;x
297;152;11;80;ShallowBeach;x
298;107;121;135;SilverPeninsula;x
299;134;242;22;SouthernIsland;x
300;217;51;92;FinalIsland;x
301;100;20;205;TinyWoods;x
302;196;196;242;TinyWoodsLake;x
303;230;232;222;TinyWoodsVolcano;x
304;50;177;73;TeamBase;x
305;126;128;177;BaseBay;x
306;239;83;126;PeanutSwamp;x
307;13;227;185;PoisonSwamp;x
308;116;248;78;BeauPlains;x
309;64;65;101;TurtleshellPond;x
310;237;216;184;SkyBluePlains;x
311;3;73;130;SacredField;x
312;108;155;109;FrigidCaverns;x
313;19;182;223;FrigidMountains;x
314;11;209;111;SilentChasm;x
315;176;26;54;UproarPlain;x
316;41;129;154;UproarForest;x
317;243;14;99;MtThunder;x
318;213;156;91;RainbowPeak;x
319;103;175;70;MtDeepgreen;x
320;121;200;209;MtCleft;x
321;254;88;71;MtDiscipline;x
322;226;219;159;MtMoonview;x
323;114;31;129;DarknessRidge;x
324;33;89;73;Rubadub;x
325;240;155;156;MistriseForest;x
326;208;104;74;FlywayForest;x
327;51;157;115;OvergrownForest;x
328;19;12;31;SinisterForest;x
329;97;106;41;EnergeticForest;x
330;94;42;169;TadpolePond;x
331;70;5;31;MeteorCave;x
332;212;81;77;MtBlaze;x
333;46;132;40;WaterfallLake;x
334;66;148;28;Jungle;x
335;200;153;15;AncientTemple;x
336;177;222;246;Safari;x
337;137;231;17;WildPlains;x
338;163;231;173;RockBeach;x
339;96;208;125;RavagedField;x
340;178;107;22;MagneticQuarry;x
341;21;172;136;ThunderMeadow;x
342;182;82;51;OddityCave;x
343;249;135;55;FurnaceDesert;x
344;90;40;248;RockDesert;x
345;146;196;117;GreatCanyon;x
346;0;100;82;SouthCaverns;x
347;183;12;239;SouthTip;x
348;208;154;72;PokeIsland;x
349;165;174;144;FrostyForest;x
350;209;208;8;SnowHole;x
351;191;0;94;MtFreeze;x
352;58;85;90;RockHole;x
353;198;246;228;LapizCave;x
354;95;153;184;MFApproaches;x
355;227;217;51;MFLake;x
356;27;27;201;FrostyCoast;x
357;190;217;86;FrostyBay;x
358;179;21;143;FrozenPeninsula;x
359;47;47;1;FjordValley;x
360;65;227;68;NorthPLain;x
361;160;166;200;Scandia;x
362;87;144;84;Schwanstein;x
363;149;235;186;SkyTower;x
364;203;225;150;NeuFrideriksland;x
365;208;27;186;MagmaCavern;x
366;40;69;227;NovaCorsa;x
367;226;138;11;FrozenCoast;x
368;174;5;21;Center;x
369;87;17;159;Equestria;x
370;199;58;53;Ivansland;x
371;38;100;216;Rheinhorn;x
372;132;13;92;Johns;x
373;70;128;244;Kalt;x
374;8;17;184;Musashi;x
375;135;60;36;Kano;x
376;135;6;5;Anko;x
377;174;3;179;Satoshi;x
378;205;206;87;Miyagi;x
379;109;96;205;Funakoshi;x
380;31;186;95;Amaterasu;x
381;165;53;234;Bulba;x
382;249;12;49;Gin;x
383;177;197;74;WaterfallCliffs;x
384;32;121;171;WaterfallPond;x
385;48;111;37;Inari;x
386;206;83;64;Waterdam;x
387;123;88;32;Groenveld;x
388;11;242;111;Langedam;x
389;133;231;229;Kromveld;x
390;16;76;139;SolarCave;x
391;139;13;17;Westerhout;x
392;180;52;0;Dijkmeer;x
393;85;219;8;Zandmeer;x
394;58;6;2;Nederhout;x
395;25;183;91;RuinedRelic;x
396;232;231;130;Hanoa;x
397;188;249;31;Halia;x
398;211;161;128;Vainui;x
399;198;237;157;Halekai;x
400;71;53;170;Wai;x
401;58;219;23;Koa;x
402;101;19;3;Lani;x
403;100;55;248;Tavakea;x
404;179;91;68;WyvernBay;x
405;69;41;177;WyvernHorn;x
406;229;169;30;SolarHills;x
407;220;250;210;WyvernCoast;x
408;173;179;56;LookoutIsland;x
409;15;85;239;WyvernHills;x
410;226;98;42;WyvernApproach;x
411;126;171;193;RuinForest;x
412;154;13;4;Montalengo;x
413;9;241;94;Argentera;x
414;81;138;247;Roasio;x
415;186;38;115;Roccasera;x
416;233;245;102;Castellone;x
417;18;63;117;Rivarolo;x
418;67;220;37;SanGiorno;x
419;224;235;20;Portolungo;x
420;108;24;190;Arasco;x
421;50;203;168;Montebello;x
422;213;33;99;DarknightHills;x
423;135;138;55;DarknightRelic;x
424;33;21;96;DarknightCoast;x
425;40;244;17;DarknightIsle;x
426;241;235;198;DarknightPeninsula;x
427;11;88;227;Nox;x
428;196;62;28;TemnaNoc;x
429;48;15;180;RelicPlain;x
430;248;225;110;Voltaire;x
431;41;126;92;Pika;x
432;98;76;43;Pi;x
433;8;186;215;Underwood;x
434;80;72;47;MurkyCave;x
435;117;157;104;MurkyIsland;x
436;155;56;32;Murkwood;x
437;27;219;83;MurkyCoast;x
438;94;79;236;Murkpond;x
439;185;36;184;Murkyway;x
440;90;117;237;MurkyPeninsula;x
441;138;14;79;SlimWoods;x
442;152;151;91;VisionCoast;x
443;193;4;200;BigPond;x
444;41;115;52;BigRocks;x
445;221;117;114;BigFuckingDesert;x
446;212;236;229;BFRockDesert;x
447;250;230;28;BFRockDesertCoast;x
448;203;21;175;RockHillPeninsula;x
449;212;219;136;SilverDoveCoast;x
450;45;119;81;UnownRelic;x
451;165;102;77;UnonwForest;x
452;114;44;166;UnownHills;x
453;72;122;99;UnownCoast;x
454;200;170;165;RemainsIsland;x
455;53;160;132;RockyEstuary;x
456;160;7;198;CanyonCoast;x
457;254;97;1;MonsterWoods;x
458;19;94;60;CapeGrace;x
459;14;125;161;HugeHills;x
460;235;48;92;OuterPlains;x
461;185;223;23;ThunderValley;x
462;84;166;247;ThunderChasm;x
463;223;255;52;ThunderHill;x
464;244;229;115;ThuderForest;x
465;37;180;191;ThunderlakeHills;x
466;206;0;35;BigPlain;x
467;225;148;117;Cliffsides;x
468;190;160;239;ContinentCenter;x
469;117;51;39;GreatLakeValley;x
470;73;179;74;HillsidePlain;x
471;196;172;103;MFOutskirts;x
472;221;214;85;LakesidePlain;x
473;101;92;45;LakeForest;x
474;108;222;201;CrazyPlain;x
475;227;45;177;OzzyForest;x
476;162;186;201;Glorywood;x
477;212;129;74;FrozenPoint;x
478;210;144;139;EastCoast;x
479;127;246;165;EastMountains;x
1000;23;108;126;Wasteland;x
1001;151;110;173;Air Continent;x
1002;24;112;32;Grass Continent;x
1003;152;114;79;Mist Continent;x
1004;24;116;126;Water Continent;x
1005;152;118;173;Sand Continent;x
1006;24;120;32;Mystery Continent;x
1250;1;200;200;Ocean 1;x
1251;2;200;250;Ocean 2;x
1252;3;220;250;Ocean 3;x
1253;4;250;250;Ocean 4;x
1254;5;200;200;Ocean 5;x
1255;6;200;250;Ocean 6;x
1256;7;220;250;Ocean 7;x
1257;8;250;250;Ocean 8;x
1258;9;200;200;Ocean 9;x
1259;10;200;250;Ocean 10;x
1260;11;220;250;Ocean 11;x
1261;12;250;250;Ocean 12;x
1262;13;200;200;Ocean 13;x
1263;14;200;250;Ocean 14;x
1264;15;220;250;Ocean 15;x
1265;16;250;250;Ocean 16;x
1266;17;200;200;Ocean 17;x
1267;18;200;250;Ocean 18;x
1268;19;220;250;Ocean 19;x
1269;20;250;250;Ocean 20;x
1270;21;200;200;Ocean 21;x
1271;22;200;250;Ocean 22;x
1272;23;220;250;Ocean 23;x
1273;24;250;250;Ocean 24;x
1274;25;200;200;Ocean 25;x
1275;26;200;250;Ocean 26;x
1276;27;220;250;Ocean 27;x
1277;28;250;250;Ocean 28;x
1278;29;200;200;Ocean 29;x
1279;30;200;250;Ocean 30;x
1280;31;220;250;Ocean 31;x
1281;32;250;250;Ocean 32;x
1282;33;200;200;North Hisui Sea;x
1283;34;200;250;Hisui Coast;x
1284;35;220;250;Kitakami Coast;x
1285;36;250;250;Kanto Sea;x
1286;37;200;200;Johto Channel;x
1287;38;200;250;Hoenn Inland Sea;x
1288;39;220;250;Ryukyu Islands;x
1289;40;250;250;Hoenn Sea;x
1290;41;200;200;North Hoenn Sea;x
1291;42;200;250;Yamato Basin;x
1292;43;220;250;Hokuriko Coast;x
1293;44;250;250;Hisui Strait;x
1294;45;200;200;Sevii Islands;x
1295;46;200;250;West Hawaiian Sea;x
1296;47;220;250;West-Central Hawaii Sea;x
1297;48;250;250;Central Hawaiian Sea;x
1298;49;200;200;East-Central Hawaii Sea;x
1299;50;200;250;East Hawaiian Sea;x
1300;51;220;250;South Hawaii Sea;x
